GivenName,Surname
Carol,Ellison
John,Weatherly
Kimberly,Ruano
Karen,Barry
Eleanor,Deleon
Susan,Bacon
George,Brooks
Freddy,Hartman
Dianne,Place
Randy,Henderson
Lois,Miller
James,Brooks
Albert,Cash
Matthew,Craig
Tamika,Dyson
Hong,Davies
Cynthia,Smith
Diane,King
Joseph,Springer
Michael,Anderson
Clifford,Ladouceur
Danny,Pimentel
Barbara,Carney
Helen,Berner
Daniel,Lara
Gloria,Buckley
Roger,Dixon
Jamika,Smith
Steve,Schuman
Ricky,Miller
Joyce,Tschida
Norman,Randolph
Michael,Anderson
Mike,Burton
Richard,Crossley
Lawrence,Aldridge
Diana,Clouse
Irene,England
Kenneth,Williams
Cristina,Cleaver
Pamela,Gammon
Stephanie,Ford
Ruth,Robeson
Roseanna,Speakman
Margret,McKenzie
Emilio,Patten
Victoria,Pena
Roman,Newman
Robert,Collins
Emma,Franklin
Lonnie,Ramos
Adela,Kowalski
Wanda,Harp
Ralph,Williams
James,Greene
Jessie,Thomas
Thomas,Gutierrez
Karen,Silverman
Donald,Walker
Joe,Peters
Emmett,Washburn
Elizabeth,Washington
John,Martin
Tamara,Smith
David,Fortner
Diane,Ayers
Margaret,Mondragon
Carmen,Bell
Barbara,Scott
Gertrude,Townsend
Broderick,Callen
Vickie,Lafferty
Ruth,Lane
Heather,Kendall
Helen,Smith
Michael,Petersen
Kenny,Boucher
Roseann,Mitchell
Amber,Hall
Irene,Wagner
Ulysses,Bennett
Ken,Parker
Marvin,Henderson
Scott,Gentry
Sharron,Higdon
Shannon,Kelly
Brian,Forcier
Joseph,Mercer
Stephanie,Atkinson
Suzette,Childs
John,Harris
Keith,Robinson
Marion,Wiggin
Michelle,Sullivan
Robert,Rollins
Jeff,Moeller
Marilyn,Rochester
Ashley,Garcia
Daniel,Morgan
Margie,Remington
Hugh,Perkins
Angeline,Sweeny
Eva,Reid
Iesha,Nieves
Joseph,Hickey
Doris,Conner
Alton,Hall
Michael,Wu
Ebony,Weiss
Lorene,Martin
Carolyn,Creger
Debbie,Lee
Margaret,Miller
Calvin,Parker
Barbara,Dunlop
Rose,Sullivan
Rodney,Vigil
Mark,Thompson
Anthony,McCoy
James,Little
Kelley,Kawamura
Charles,Hanrahan
Virginia,Daniels
Glen,Ali
Tiffany,Morris
Kyle,Jones
Valerie,Yancy
Tanya,Keller
Debra,Burgin
Susan,Welsh
James,Carswell
Gladys,Melo
Michael,Numbers
Lina,Cotton
Ann,Smith
Linda,Walters
Cynthia,McMullen
See,Ragsdale
Alicia,Thompson
Christopher,Yarger
Daniel,Walker
Andrea,Smith
Charles,Cortez
Cynthia,Doughty
Ethel,Begley
Frank,Putnam
Michael,Weller
Helen,Calzada
Celeste,Rubio
Audrey,Bandy
Sandra,Wong
Maria,Nelson
Ruby,Martin
Lauren,Black
Kimberly,Hays
Lynn,French
Lester,Felty
Lee,McKay
Chastity,Wilson
Ruby,Thomas
Luis,Buchheit
Virginia,Ross
Kris,Dawkins
Matthew,Gurule
Jimmy,Farmer
Betty,Wathen
Tyrone,Campbell
Bryan,Cervantez
Nancy,Vickers
Ronnie,Hicks
Jeannette,Parks
Kenneth,Burke
Shana,Farrell
Anita,Hernandez
Tracy,Yates
Kyle,Lee
Deborah,Thomson
Glenda,Maes
Martin,Rosenthal
Ronald,Jones
Susan,Powell
Bertha,Hirsch
Cassandra,Bryant
James,Mays
Anna,Darby
Janice,Townsend
Bobby,Simpson
Allen,Ramirez
Mary,McKillip
Jason,Smith
Albert,Endres
Kristin,Votaw
Katherine,Cochrane
Johnathan,Black
Luis,Cuevas
Robert,Meister
Linda,Figueroa
Columbus,Scott
Marie,Clark
Anastacia,Wooldridge
Sergio,Orem
Retha,Smith
Margorie,Sinkler
Chad,Pardee
Lucy,Savory
Jacqueline,Ferris
George,Jackson
Albert,Land
Rhiannon,Pelletier
Mary,Bridges
Erik,Hoskins
David,Phillips
Edward,Jackson
Leonard,Bonk
Eileen,Williams
Sherman,Little
Paul,Walton
Michael,Yates
Gregory,Schaefer
Alan,Perez
Mildred,Mello
Brandon,Lacy
Joanna,Tyson
Patrica,Jones
Garrett,Harris
Stephanie,Wright
Betsy,Vaughn
Rob,Olson
Claretta,Brown
Thomas,Greene
Eric,Grimes
Edith,Pearson
William,Sheehan
William,Johnson
Eddie,Hicks
Mildred,Jennings
Elizabeth,Bond
Mina,Rush
Lonnie,Biggs
John,Griffin
George,Collins
James,McDaniel
William,Baillargeon
Sammy,Stewart
Allen,Fletcher
Dalton,Norfleet
James,Delong
John,Bryant
Joyce,Webb
David,Enriquez
Alice,Gutierrez
Kathy,Wahl
Elaine,Crystal
Robert,Halley
Tyson,McVay
Sonia,Hale
Wilma,Russell
Gertrude,Robinson
Annabelle,Collazo
Barbara,Lucio
Timothy,Piper
Trenton,Askew
Danielle,Gottlieb
Jason,Owens
Jennifer,Collins
Ami,Bell
Jason,Emrick
Clifford,Arredondo
Eva,Proffitt
Herbert,Threet
Joseph,Gray
Amado,Head
Josie,Benner
Rose,McWilliams
James,Matthews
Gladys,Dugas
Cathy,Dominquez
Richard,Bender
Wayne,Thomas
Alyse,Wong
James,Shearer
Boris,Knott
Matthew,Coleman
Barbara,Williams
Vickie,Watson
Kenneth,Greenlee
Brandon,Hanes
Sheila,Ham
Carey,Cacho
Scarlett,Lockhart
Daniel,Host
Amanda,Correll
Alan,Leonard
Michael,Concepcion
Sandra,Sanborn
Mark,Thompson
Marylyn,Fisher
Roberto,Guzman
Albert,Whitham
Sadie,Rodriguez
Tracie,Stainbrook
Mary,Lucey
Kay,Scott
Shana,Labbe
Thomas,Siegel
Trisha,Bramblett
Heather,Allen
Frank,Maniscalco
Raymond,Munoz
William,Mazur
Samuel,Mullin
Sam,Overton
Douglas,Rodriguez
Armando,Lanier
Jesse,Burt
Kevin,Richardson
Ryan,Crosby
Michael,Davis
William,Reed
Tina,Lovato
James,Brooks
Edward,Cooper
Cheryl,Hicks
William,Norris
Jennifer,Thomas
Angela,Santacruz
Monica,Carroll
Samuel,Fava
Sarah,Tate
Lynda,Reynolds
Joanna,Baumann
John,Singleton
James,Brooks
Richard,Moore
Bobbie,Harp
Modesta,Peeples
William,Rosen
Catherine,Lynch
Stephen,Holst
Charles,Blankenship
Patrick,Dawson
Kelly,Johnson
Jonathan,Paquette
Donna,McGonigal
Katherine,Paiz
Elizabeth,Mudd
Erika,Smith
Rickey,Birkland
Todd,Pruitt
Elizabeth,Wilson
Barbara,Sanford
Lauren,Burriss
Dan,Lee
Leigh,Wallace
Mary,Zhang
Floyd,Kay
Donald,Fletcher
Rose,Jose
Bonnie,Arevalo
Dana,Cooper
Zula,Hoffman
Steven,Whitaker
Phillip,Rodriguez
Andrew,Delgado
Cynthia,Schreiber
Anthony,Kalb
James,Pepper
Andrew,Griffin
Raymond,Stork
Gaston,Florian
Ralph,Weatherly
Virginia,Harris
Ronald,Hernandez
Darlene,Pals
Vilma,Cabot
Elizabeth,Castillo
Elizabeth,Weldon
Jack,Jenkins
Katina,Joslyn
Aurora,Dominguez
Dora,Marin
Edith,Campbell
Scott,Kaye
Jacob,Truong
Marty,Thomas
Sandra,Vega
Yvette,Goheen
Patrick,Spurlock
Jay,Broussard
Earl,Cyr
Wilbert,Jennings
Rick,Evans
Scott,Peterson
Philip,Woodall
John,Huang
Rosie,Castillo
Dixie,Klein
John,Mendoza
Maria,Rosenzweig
Audrey,Rosinski
Caren,Phipps
Willia,Williamson
Vivian,Odell
Adam,Kelley
Addie,King
Sarah,Grice
Tina,Mangrum
Raymond,Binkley
Francis,Rouse
Victor,Hang
Melanie,Williams
James,Hoffman
Melida,Williams
Courtney,Scott
Bernard,McCulley
Hubert,Whitaker
Cheryl,Brown
Jack,Wilson
Betty,King
Vern,Bise
Ronald,McCullough
Brendan,Fitting
David,Atkinson
David,Cree
George,Torres
Katrina,McKinney
Jerry,Monk
Victor,Omalley
Jonathan,Combs
Myrtle,Perez
Zachary,Melendez
Refugio,Scheele
Donna,Garner
Sybil,White
Becky,Velez
Leonard,Lonergan
Christopher,King
Mary,Gerow
Amanda,Coon
Penelope,Duncan
Anne,Corbett
Anthony,Quintero
James,Hagan
Anderson,Richardson
Jessica,Lawson
Susan,Ramirez
Clifford,Wiggins
Timothy,Moore
Russell,Bailey
Jim,Smith
Shane,Thomas
Stacey,George
Kenneth,Hughes
Doris,Potts
Richard,Martin
Edna,Hall
Grace,Rivera
Betty,Strine
Lucas,Campbell
Rodney,Badillo
Charles,Allen
Toni,McGriff
Edward,Gentry
Darrell,Etherton
Chad,Paterson
Lashawn,Smith
Randell,Carrillo
Laura,Smith
Dwayne,Barrera
Gina,Casto
Rebekah,Watts
Terry,Torres
Aaron,Macy
Jarrod,Sera
Jesse,Gildersleeve
David,Desantis
John,Stradley
Eileen,Pierce
Erin,Valentine
Christopher,Peterson
Russell,Murry
Melba,West
Betty,Patrick
Wanda,Dominguez
Sarah,Newsom
Luis,Irwin
Joseph,Ford
Robert,Little
Johnathan,Danner
Joseph,Larsen
John,Tao
Frances,Ferguson
Kendra,Gonzales
Imogene,Tanaka
Howard,Woodall
June,Hartley
Ralph,Harris
Della,Craig
Charles,Laskowski
Patricia,Judd
Debra,Shaw
David,Hoffman
Dean,Allen
Brice,Suggs
Cinthia,McGurk
John,Majors
Dorothy,Spaulding
Annie,Randall
David,Bryson
Derek,Rice
Sylvester,Dudley
Nancy,Lee
Robert,Gray
Douglas,Melton
Teri,Peete
Charlotte,Jones
Christopher,Durant
Brian,Bell
Robert,Forrester
Olga,Bradley
Lucas,Palmer
Donna,Lahti
Kathi,Senters
William,Clark
Harold,Estrada
Era,Rivera
David,Hughes
Robert,Bellamy
Bertha,Henderson
Diane,Combs
Stephanie,Burrell
Roberto,Hathaway
William,Denson
Richard,Moe
Jerome,Love
Eric,Marble
Nell,Reid
Donald,Kay
Dessie,Felton
Joyce,Kerrick
Thomas,Camacho
Jonathan,Haffner
Lorraine,Granger
Shirley,Odum
Robert,Wright
Lee,Sailor
Pearl,Belton
Scott,Wyche
Angela,Warren
Roland,Swindler
Jessica,Russell
Renee,Delvecchio
Joseph,Rives
Juanita,Robinson
Brittany,Taylor
Marianne,Crockett
Mary,Carroll
Cary,Clement
Brad,Butler
Joseph,Fuqua
Brittany,Plumley
Ruth,Bullock
Susan,Brown
Edward,Conley
Clara,Holloman
Alisha,Miles
Daniel,Metzler
Connie,Clow
Jeremy,Gough
Thomas,Jessup
Glenn,Standish
Gary,Corle
Barbara,Jones
Blake,Scanlan
Catherine,Powell
Tyrone,Delatorre
Martin,Cooper
Frances,Coleman
David,Hammonds
Sandra,Jones
Evelyn,Grant
Brenda,Miles
Brian,Davis
Barbara,Shelley
Tara,Porter
Lisa,Gipson
Patricia,Shannon
Gayle,Schneider
Harold,Tillman
Steven,Robles
Elisa,Daley
Scott,Schnell
Vera,Merrill
Ana,Hough
Martha,Claassen
Nancy,Cunningham
Jeffery,Diaz
Emma,Richards
April,Hawkins
Jeffrey,Meyer
Elizabeth,Smith
Matthew,Delong
Terrence,Wiley
Bernard,Pare
Joan,Morton
Lupe,Oliver
Greg,Gerard
Robert,Woods
Mary,Baker
Michele,Shead
Barbara,Favors
Carly,Donaldson
Jose,Murphy
Sandra,Schweiger
Ada,Burger
Eduardo,Hall
Kerri,Lowery
Vicki,Browne
Brian,Reyes
Jodi,Albert
Linda,Steger
Sharon,McMillin
Shannon,Richardson
Mercedes,Lindsay
Vincent,Ray
James,Cameron
Peggy,Mejia
John,Nicholson
Jane,Moon
James,Weymouth
Joe,Lopez
William,Brown
Velma,Williams
Robin,Bradley
Betty,Sewell
John,Westerfield
Stephen,Marquis
Kenneth,Marmon
Joseph,Hammett
Ann,Ferguson
Miguel,Tyler
Dennis,Atwood
Stephanie,Martinez
Tammy,Warren
William,Register
Zane,Hickman
Howard,Martin
Maria,Manjarrez
Alana,Watkins
Miranda,Edmonds
William,Bynoe
Linda,Snipes
Robert,Elliott
Shirley,Kelly
Tammy,Stewart
Veronica,Day
Justin,Chamberland
Anne,McKeown
Michelle,Thompson
Clayton,Hall
Iris,Rodrigues
Carol,Thomas
Aleta,Bender
Harry,Cusick
Francis,Sanders
Angela,Freeman
John,Langford
Richard,Eng
Thomas,Adolph
Tony,Ragsdale
Jennifer,Peters
Perla,Gerst
Linda,Hogue
Anthony,Shields
Kelly,Patten
Pedro,Boyer
Beatrice,Harris
Amanda,Gerlach
Sonia,Burcham
John,Carey
Lana,Fager
Lois,Jones
Charles,Carter
Marilyn,Taylor
Darrell,Hightower
Jerry,Black
Christopher,Allred
Helen,Hood
Adrian,Washington
Debra,Hays
Ken,Goldstein
Angela,Stone
Lance,Fossum
Kevin,Page
Velma,Maxey
Diana,Lucero
Melvin,Berkowitz
Esther,Todd
Walter,Gooding
Michele,Stockton
Paula,Gregory
Altagracia,Lester
Heidi,Malone
Dawn,Guertin
Kristin,Robinson
Adrian,Romeo
Ryan,Haffey
Guillermo,Cribb
Bernard,Tomlin
Robert,Smith
Rose,Hick
Gene,Spring
Maya,Bowers
Maria,Delgado
Royal,Scott
Frankie,Skinner
Loren,Wilson
Michael,Santos
Rachel,Gunderson
Bertha,Walker
Cora,Marguez
John,Barber
Susan,Lowell
Austin,Guzman
Thomas,Martinez
Phyllis,Gonzalas
Judith,Miller
Dana,Fernandez
Teresa,Huntley
Donald,Carlson
Jeffrey,Hicks
Karen,Mitchell
Mary,Peterson
Mark,Gulick
Deborah,Mora
Tiffiny,Lough
Bianca,Vargas
Nathan,Suzuki
Lorie,Lagunas
Jacki,Sprenger
Jaime,White
Mark,Sandberg
Lee,Scanlan
Latonya,Doll
Teri,Bush
Anna,Tookes
Robert,Wells
Robert,Long
Megan,Kaplan
Loretta,Hopkins
Blake,Lucas
Rene,Page
Karen,Peter
Leslie,Gadson
Patricia,Floyd
Charles,Camacho
Patricia,Callender
Kathryn,Ellis
Marjorie,Gonzalez
Gladys,Blankenship
Mary,Jones
Louis,Brown
Elizabeth,Chen
Jesus,Wurst
Katherine,Lloyd
Debra,Boatright
Michael,Fletcher
Pauline,Rowe
Angie,Nadler
Elaine,Bridwell
Richard,Bellantoni
Gregory,Byrd
James,Fernandez
Jack,Hyde
Ralph,Taylor
Faustino,Vicknair
Heather,Baker
Dylan,Vanauken
Mary,Eastman
Michelle,Branson
Earl,Henry
Tammy,Raney
Brian,Roland
Norris,Gomez
Zachary,Anderson
Dorothy,Dean
Krista,Baker
Marisa,Caldwell
Susan,Martin
Mildred,Brooks
Lisa,Ham
Jamie,Hardy
Marianne,McCoy
Helen,Martinez
Retta,Rowell
Robert,Bohrer
Maureen,King
Danyel,Barnes
Bernice,Roudebush
Nicholas,Patridge
James,Brennan
Mariah,Rodriguez
Gladys,Wagner
Joe,Fitzgerald
James,Vath
Henry,Steward
Lois,Mann
Celeste,Johnson
Penney,Crayton
Freddie,Richardson
Kevin,Basaldua
Lonnie,Johnston
Louise,Hamm
David,Barnes
Robert,Smalls
Barry,Boggs
David,Simmons
Kelly,McBride
Kerri,Syed
Daisy,Hatcher
Maggie,Bellino
Andrea,Dube
Michael,Moreno
Heather,Greenwood
Estelle,Cowart
Patricia,Ware
Betsy,Sims
Chuck,Mahoney
Anne,Fortenberry
Heather,Gonzalez
Matthew,Parker
Shannon,Guin
Tyrone,Case
Luis,Barber
Leonor,Cook
George,Correa
Robert,Meyer
Leon,Dana
Grant,Perry
Julian,Kay
Christopher,Hansen
Sammy,Smith
Nancy,Elliott
Frances,Berrios
Charles,Burnett
Kary,Coachman
Betty,Reiss
Shelly,Tune
Cesar,Buck
David,Bensen
Lucille,Humble
Gail,Knox
Eric,Neer
Darnell,Moore
Kenneth,An
Michael,Bernard
Mickey,Groves
Don,Bell
Marilyn,Gill
Timothy,Hooper
Susie,Stites
Janet,Higgs
Cathy,Gomez
Phyllis,Briggs
Keith,Smith
Lois,Buss
Agnes,Millet
Robert,Workman
Delores,Garcia
Charlie,Tarin
Mark,Clark
Duane,Chang
Gary,Goldstein
Silvia,Vinyard
Bertha,Curtis
Ross,Flowers
Cynthia,Williams
Clement,Rother
Leonore,Flynn
Helen,Leonard
Mark,Wroblewski
Maria,Ball
Cathy,Thompson
Robert,Stewart
Glenn,Page
Clyde,Navarre
Richard,Daniels
Manuel,Lopez
Tony,Vasquez
Mildred,Howell
Joseph,Forrest
Mildred,Bolster
Lorene,Calkins
Patricia,Huff
Janette,Hewitt
Matthew,Denzer
Berta,Treadaway
Mary,Morgan
Vaughn,Jackson
Linda,Cabrera
Patsy,Cook
Charlene,Kane
Carmen,Franklin
James,Smith
Marcella,Long
Nicole,Jimenez
Carolyn,Baker
Michelle,Jackson
Dean,Hanson
Don,Aguirre
Lura,Leighty
Lance,Acosta
Cheryl,Wise
Perry,Pena
Michelle,Bland
Linda,Jones
Lewis,Knudsen
Joan,Schell
Ana,Washington
Felix,McMullen
Geneva,Lindsey
Harry,Hall
Robert,Marsh
Judy,Nichols
Frank,Makela
Ernestine,Crowe
Chad,Shepard
Stephanie,Reed
William,Theiss
Tiffany,Rowsey
Elizabeth,Baker
Bernard,Cotton
Michael,Strock
Clara,Spence
David,Chess
Milagros,Weston
Travis,Thurman
Rene,McGinnis
Manuel,Cuthbertson
Ricky,Martin
Eugene,Baird
Jennifer,Fish
Leon,Wilfong
Vernon,Dickerson
Paula,Wright
Joseph,Scribner
Jo,Malinowski
James,Jones
Marilyn,Zuniga
Velda,Harris
Weldon,Cady
Cheryl,Spencer
Craig,Cambell
Evelyn,Butler
Martha,Cline
Luis,Osborne
David,Guynn
James,Dillon
Louise,Norman
Clifford,Field
Christopher,Payne
Shelley,Lubbers
Sara,Hartley
Edward,Tanner
Sherry,Taylor
Steven,Orbison
Steven,Ranieri
Ronald,Cotten
Andrew,Taylor
Tara,Finney
Lillian,Cleveland
Joe,Smith
Suzan,Slusher
Cindy,Roger
Gerardo,Sellman
Shawn,McCleery
Hazel,Sims
Charmaine,Fisher
Ronald,Collins
Tijuana,Malveaux
Ruth,Hillman
Carroll,Rider
Bernadine,Hayes
Lynda,Saiz
Barbara,Scott
Rodney,Plumb
Emily,Garcia
Ryan,Worthington
Ben,Janousek
Raul,Gray
Peter,Johnson
Fabian,Helms
Allen,Davis
Danny,Lofton
Anna,Ramirez
Megan,Castillo
Ronald,Hendon
Michael,Turner
Dorothy,Fernandez
Donald,Tack
